symbol,quotedate,iv30call,iv30put,iv30mean,callvol,putvol,totalvol,calloi,putoi,comment
A,5/31/2002,0.0000,0.0000,0.0000,0,0,0,388,0,
AA,5/31/2002,0.0000,0.0000,0.0000,0,0,0,52,0,
AAPL,5/31/2002,0.0000,0.0000,0.0000,2859,5778,8637,224985,231046,
ABC,5/31/2002,0.0000,0.0000,0.0000,0,0,0,25,0,
ABF,5/31/2002,0.0000,0.0000,0.0000,0,0,0,16,0,
ABI,5/31/2002,0.0000,0.0000,0.0000,0,0,0,272,0,
ABK,5/31/2002,0.0000,0.0000,0.0000,0,0,0,5,0,
ABMD,5/31/2002,0.0000,0.0000,0.0000,0,0,0,0,0,
ABS,5/31/2002,0.0000,0.0000,0.0000,0,0,0,0,0,
ABT,5/31/2002,0.0000,0.0000,0.0000,0,0,0,0,0,
ABX,5/31/2002,0.0000,0.0000,0.0000,0,0,0,195,0,
AC,5/31/2002,0.0000,0.0000,0.0000,0,0,0,2,0,
ACAS,5/31/2002,0.0000,0.0000,0.0000,0,0,0,7,0,
ACDO,5/31/2002,0.0000,0.0000,0.0000,0,0,0,117,0,
ACE,5/31/2002,0.0000,0.0000,0.0000,0,0,0,45,0,
ACN,5/31/2002,0.0000,0.0000,0.0000,0,0,0,708,0,
ACRT,5/31/2002,0.0000,0.0000,0.0000,0,0,0,0,0,
ACS,5/31/2002,0.0000,0.0000,0.0000,0,0,0,0,0,
ACXM,5/31/2002,0.0000,0.0000,0.0000,0,0,0,0,0,
ADBE,5/31/2002,0.0000,0.0000,0.0000,0,0,0,120,0,
ADCT,5/31/2002,0.0000,0.0000,0.0000,0,0,0,3,0,
ADI,5/31/2002,0.0000,0.0000,0.0000,0,0,0,40,0,
ADLR,5/31/2002,0.0000,0.0000,0.0000,0,0,0,75,0,
ADM,5/31/2002,0.0000,0.0000,0.0000,0,0,0,0,0,
ADP,5/31/2002,0.0000,0.0000,0.0000,0,0,0,0,0,
ADPT,5/31/2002,0.0000,0.0000,0.0000,0,0,0,0,0,
ADRX,5/31/2002,0.0000,0.0000,0.0000,0,0,0,50,0,
ADVP,5/31/2002,0.0000,0.0000,0.0000,0,0,0,0,0,
AEM,5/31/2002,0.0000,0.0000,0.0000,0,0,0,143,0,
AEOS,5/31/2002,0.0000,0.0000,0.0000,0,0,0,315,0,
AEP,5/31/2002,0.0000,0.0000,0.0000,0,0,0,3,0,
AET,5/31/2002,0.0000,0.0000,0.0000,0,0,0,363,0,
AETH,5/31/2002,0.0000,0.0000,0.0000,0,0,0,472,0,
AFCI,5/31/2002,0.0000,0.0000,0.0000,0,0,0,0,0,
AFFX,5/31/2002,0.0000,0.0000,0.0000,0,0,0,10,0,
AFL,5/31/2002,0.0000,0.0000,0.0000,0,0,0,59,0,
AG,5/31/2002,0.0000,0.0000,0.0000,0,0,0,0,0,
AGE,5/31/2002,0.0000,0.0000,0.0000,0,0,0,25,0,
AGN,5/31/2002,0.0000,0.0000,0.0000,0,0,0,35,0,
AGU,5/31/2002,0.0000,0.0000,0.0000,0,0,0,60,0,
AHC,5/31/2002,0.0000,0.0000,0.0000,0,0,0,0,0,
AHG,5/31/2002,0.0000,0.0000,0.0000,0,0,0,0,0,
AIG,5/31/2002,0.0000,0.0000,0.0000,0,0,0,487,0,
AKS,5/31/2002,0.0000,0.0000,0.0000,0,0,0,0,0,
AL,5/31/2002,0.0000,0.0000,0.0000,0,0,0,15,0,
ALD,5/31/2002,0.0000,0.0000,0.0000,0,0,0,2000,0,
ALL,5/31/2002,0.0000,0.0000,0.0000,0,0,0,53,0,
ALO,5/31/2002,0.0000,0.0000,0.0000,0,0,0,21,0,
ALTR,5/31/2002,0.0000,0.0000,0.0000,0,0,0,17,0,
AM,5/31/2002,0.0000,0.0000,0.0000,0,0,0,30,0,
AMAT,5/31/2002,0.0000,0.0000,0.0000,0,0,0,33,0,
AMCC,5/31/2002,0.0000,0.0000,0.0000,0,0,0,630,0,
AMD,5/31/2002,0.0000,0.0000,0.0000,0,0,0,1932,0,
AMR,5/31/2002,0.0000,0.0000,0.0000,0,0,0,38,0,
AMZN,5/31/2002,0.0000,0.0000,0.0000,0,0,0,3372,0,
AN,5/31/2002,0.0000,0.0000,0.0000,0,0,0,21,0,
ANDW,5/31/2002,0.0000,0.0000,0.0000,0,0,0,0,0,
ANF,5/31/2002,0.0000,0.0000,0.0000,0,0,0,0,0,
ANN,5/31/2002,0.0000,0.0000,0.0000,0,0,0,0,0,
AOL,5/31/2002,0.0000,0.0000,0.0000,0,0,0,1,0,
APA,5/31/2002,0.0000,0.0000,0.0000,0,0,0,2845,0,
APC,5/31/2002,0.0000,0.0000,0.0000,0,0,0,0,0,
APCC,5/31/2002,0.0000,0.0000,0.0000,0,0,0,0,0,
APD,5/31/2002,0.0000,0.0000,0.0000,0,0,0,105,0,
APH,5/31/2002,0.0000,0.0000,0.0000,0,0,0,1,0,
APOL,5/31/2002,0.0000,0.0000,0.0000,0,0,0,275,0,
ARBA,5/31/2002,0.0000,0.0000,0.0000,0,0,0,280,0,
ASA,5/31/2002,0.0000,0.0000,0.0000,0,0,0,89,0,
ASD,5/31/2002,0.0000,0.0000,0.0000,0,0,0,30,0,
ASML,5/31/2002,0.0000,0.0000,0.0000,0,0,0,0,0,
ASO,5/31/2002,0.0000,0.0000,0.0000,0,0,0,5,0,
ASYT,5/31/2002,0.0000,0.0000,0.0000,0,0,0,0,0,
AT,5/31/2002,0.0000,0.0000,0.0000,0,0,0,6,0,
ATH,5/31/2002,0.0000,0.0000,0.0000,0,0,0,269,0,
ATML,5/31/2002,0.0000,0.0000,0.0000,0,0,0,0,0,
ATTC,5/31/2002,0.0000,0.0000,0.0000,0,0,0,40,0,
ATVI,5/31/2002,0.0000,0.0000,0.0000,0,0,0,8,0,
ATW,5/31/2002,0.0000,0.0000,0.0000,0,0,0,0,0,
AU,5/31/2002,0.0000,0.0000,0.0000,0,0,0,59,0,
AVE,5/31/2002,0.0000,0.0000,0.0000,0,0,0,52,0,
AVL,5/31/2002,0.0000,0.0000,0.0000,0,0,0,0,0,
AVP,5/31/2002,0.0000,0.0000,0.0000,0,0,0,0,0,
AW,5/31/2002,0.0000,0.0000,0.0000,0,0,0,32,0,
AWE,5/31/2002,0.0000,0.0000,0.0000,0,0,0,66,0,
AXL,5/31/2002,0.0000,0.0000,0.0000,0,0,0,41,0,
AXP,5/31/2002,0.0000,0.0000,0.0000,0,0,0,106,0,
AYE,5/31/2002,0.0000,0.0000,0.0000,0,0,0,0,0,
AZN,5/31/2002,0.0000,0.0000,0.0000,0,0,0,37,0,
AZO,5/31/2002,0.0000,0.0000,0.0000,0,0,0,36,0,
BA,5/31/2002,0.0000,0.0000,0.0000,0,0,0,47,0,
BAC,5/31/2002,0.0000,0.0000,0.0000,0,0,0,218,0,
BARZ,5/31/2002,0.0000,0.0000,0.0000,0,0,0,0,0,
BAX,5/31/2002,0.0000,0.0000,0.0000,0,0,0,45,0,
BAY,5/31/2002,0.0000,0.0000,0.0000,0,0,0,20,0,
BBBY,5/31/2002,0.0000,0.0000,0.0000,0,0,0,3,0,
BBI,5/31/2002,0.0000,0.0000,0.0000,0,0,0,1,0,
BBOX,5/31/2002,0.0000,0.0000,0.0000,0,0,0,16,0,
BBT,5/31/2002,0.0000,0.0000,0.0000,0,0,0,50,0,
BBY,5/31/2002,0.0000,0.0000,0.0000,0,0,0,41,0,
BC,5/31/2002,0.0000,0.0000,0.0000,0,0,0,0,0,
BCC,5/31/2002,0.0000,0.0000,0.0000,0,0,0,7,0,
BCE,5/31/2002,0.0000,0.0000,0.0000,0,0,0,10,0,
BCR,5/31/2002,0.0000,0.0000,0.0000,0,0,0,91,0,
BDK,5/31/2002,0.0000,0.0000,0.0000,0,0,0,17,0,
BDX,5/31/2002,0.0000,0.0000,0.0000,0,0,0,0,0,
BEAS,5/31/2002,0.0000,0.0000,0.0000,0,0,0,40,0,
BEC,5/31/2002,0.0000,0.0000,0.0000,0,0,0,13,0,
BEN,5/31/2002,0.0000,0.0000,0.0000,0,0,0,25,0,
BGEN,5/31/2002,0.0000,0.0000,0.0000,0,0,0,51,0,
BGP,5/31/2002,0.0000,0.0000,0.0000,0,0,0,10,0,
BHE,5/31/2002,0.0000,0.0000,0.0000,0,0,0,0,0,
BHI,5/31/2002,0.0000,0.0000,0.0000,0,0,0,83,0,
BJS,5/31/2002,0.0000,0.0000,0.0000,0,0,0,16,0,
BK,5/31/2002,0.0000,0.0000,0.0000,0,0,0,30,0,
BKS,5/31/2002,0.0000,0.0000,0.0000,0,0,0,2,0,
BKX,5/31/2002,0.0000,0.0000,0.0000,0,0,0,0,0,
BLL,5/31/2002,0.0000,0.0000,0.0000,0,0,0,255,0,
BLS,5/31/2002,0.0000,0.0000,0.0000,0,0,0,109,0,
BMC,5/31/2002,0.0000,0.0000,0.0000,0,0,0,208,0,
BMET,5/31/2002,0.0000,0.0000,0.0000,0,0,0,529,0,
BMY,5/31/2002,0.0000,0.0000,0.0000,0,0,0,595,0,
BNI,5/31/2002,0.0000,0.0000,0.0000,0,0,0,16,0,
BOL,5/31/2002,0.0000,0.0000,0.0000,0,0,0,379,0,
BORL,5/31/2002,0.0000,0.0000,0.0000,0,0,0,19,0,
BOW,5/31/2002,0.0000,0.0000,0.0000,0,0,0,0,0,
BP,5/31/2002,0.0000,0.0000,0.0000,0,0,0,293,0,
BPUR,5/31/2002,0.0000,0.0000,0.0000,0,0,0,12,0,
BR,5/31/2002,0.0000,0.0000,0.0000,0,0,0,5,0,
BRCD,5/31/2002,0.0000,0.0000,0.0000,0,0,0,60,0,
BRCM,5/31/2002,0.0000,0.0000,0.0000,0,0,0,52,0,
BRL,5/31/2002,0.0000,0.0000,0.0000,0,0,0,7,0,
BSC,5/31/2002,0.0000,0.0000,0.0000,0,0,0,232,0,
BSTE,5/31/2002,0.0000,0.0000,0.0000,0,0,0,0,0,
BSX,5/31/2002,0.0000,0.0000,0.0000,0,0,0,246,0,
BTK,5/31/2002,0.0000,0.0000,0.0000,0,0,0,0,0,
BUD,5/31/2002,0.0000,0.0000,0.0000,0,0,0,62,0,
BVC,5/31/2002,0.0000,0.0000,0.0000,0,0,0,740,0,
BVF,5/31/2002,0.0000,0.0000,0.0000,0,0,0,1007,0,
BWA,5/31/2002,0.0000,0.0000,0.0000,0,0,0,0,0,
BZH,5/31/2002,0.0000,0.0000,0.0000,0,0,0,38,0,
C,5/31/2002,0.0000,0.0000,0.0000,0,0,0,86,0,
CA,5/31/2002,0.0000,0.0000,0.0000,0,0,0,0,0,
CACI,5/31/2002,0.0000,0.0000,0.0000,0,0,0,0,0,
CAG,5/31/2002,0.0000,0.0000,0.0000,0,0,0,4,0,
CAH,5/31/2002,0.0000,0.0000,0.0000,0,0,0,234,0,
CAKE,5/31/2002,0.0000,0.0000,0.0000,0,0,0,0,0,
CAM,5/31/2002,0.0000,0.0000,0.0000,0,0,0,0,0,
CAT,5/31/2002,0.0000,0.0000,0.0000,0,0,0,489,0,
CB,5/31/2002,0.0000,0.0000,0.0000,0,0,0,1,0,
CBE,5/31/2002,0.0000,0.0000,0.0000,0,0,0,0,0,
CBRL,5/31/2002,0.0000,0.0000,0.0000,0,0,0,83,0,
CBSS,5/31/2002,0.0000,0.0000,0.0000,0,0,0,0,0,
CBT,5/31/2002,0.0000,0.0000,0.0000,0,0,0,0,0,
CC,5/31/2002,0.0000,0.0000,0.0000,0,0,0,0,0,
CCE,5/31/2002,0.0000,0.0000,0.0000,0,0,0,75,0,
CCK,5/31/2002,0.0000,0.0000,0.0000,0,0,0,0,0,
CCL,5/31/2002,0.0000,0.0000,0.0000,0,0,0,0,0,
CCMP,5/31/2002,0.0000,0.0000,0.0000,0,0,0,0,0,
CCR,5/31/2002,0.0000,0.0000,0.0000,0,0,0,407,0,
CCRT,5/31/2002,0.0000,0.0000,0.0000,0,0,0,25,0,
CCU,5/31/2002,0.0000,0.0000,0.0000,0,0,0,0,0,
CD,5/31/2002,0.0000,0.0000,0.0000,0,0,0,50,0,
CDIS,5/31/2002,0.0000,0.0000,0.0000,0,0,0,105,0,
CDN,5/31/2002,0.0000,0.0000,0.0000,0,0,0,40,0,
CDWC,5/31/2002,0.0000,0.0000,0.0000,0,0,0,30,0,
CEFT,5/31/2002,0.0000,0.0000,0.0000,0,0,0,0,0,
CEG,5/31/2002,0.0000,0.0000,0.0000,0,0,0,0,0,
CELG,5/31/2002,0.0000,0.0000,0.0000,0,0,0,80,0,
CEN,5/31/2002,0.0000,0.0000,0.0000,0,0,0,0,0,
CEPH,5/31/2002,0.0000,0.0000,0.0000,0,0,0,57,0,
CERN,5/31/2002,0.0000,0.0000,0.0000,0,0,0,15,0,
CERS,5/31/2002,0.0000,0.0000,0.0000,0,0,0,0,0,
CF,5/31/2002,0.0000,0.0000,0.0000,0,0,0,65,0,
CHIR,5/31/2002,0.0000,0.0000,0.0000,0,0,0,527,0,
CHK,5/31/2002,0.0000,0.0000,0.0000,0,0,0,2001,0,
CHKP,5/31/2002,0.0000,0.0000,0.0000,0,0,0,64,0,
CHL,5/31/2002,0.0000,0.0000,0.0000,0,0,0,0,0,
CHRW,5/31/2002,0.0000,0.0000,0.0000,0,0,0,0,0,
CHS,5/31/2002,0.0000,0.0000,0.0000,0,0,0,6,0,
CHU,5/31/2002,0.0000,0.0000,0.0000,0,0,0,0,0,
CI,5/31/2002,0.0000,0.0000,0.0000,0,0,0,2093,0,
CIMA,5/31/2002,0.0000,0.0000,0.0000,0,0,0,7,0,
CIN,5/31/2002,0.0000,0.0000,0.0000,0,0,0,18,0,
CKFR,5/31/2002,0.0000,0.0000,0.0000,0,0,0,0,0,
CKP,5/31/2002,0.0000,0.0000,0.0000,0,0,0,0,0,
CL,5/31/2002,0.0000,0.0000,0.0000,0,0,0,366,0,
CLS,5/31/2002,0.0000,0.0000,0.0000,0,0,0,60,0,
CLX,5/31/2002,0.0000,0.0000,0.0000,0,0,0,9,0,
CMA,5/31/2002,0.0000,0.0000,0.0000,0,0,0,51,0,
CMCSA,5/31/2002,0.0000,0.0000,0.0000,0,0,0,531,0,
CMCSK,5/31/2002,0.0000,0.0000,0.0000,0,0,0,0,0,
CMOS,5/31/2002,0.0000,0.0000,0.0000,0,0,0,0,0,
CMR,5/31/2002,0.0000,0.0000,0.0000,0,0,0,0,0,
CMS,5/31/2002,0.0000,0.0000,0.0000,0,0,0,0,0,
CMVT,5/31/2002,0.0000,0.0000,0.0000,0,0,0,0,0,
CMX,5/31/2002,0.0000,0.0000,0.0000,0,0,0,767,0,
CNA,5/31/2002,0.0000,0.0000,0.0000,0,0,0,0,0,
CNB,5/31/2002,0.0000,0.0000,0.0000,0,0,0,2,0,
CNF,5/31/2002,0.0000,0.0000,0.0000,0,0,0,0,0,
CNI,5/31/2002,0.0000,0.0000,0.0000,0,0,0,44,0,
COC,5/31/2002,0.0000,0.0000,0.0000,0,0,0,151,0,
COCO,5/31/2002,0.0000,0.0000,0.0000,0,0,0,0,0,
COF,5/31/2002,0.0000,0.0000,0.0000,0,0,0,67,0,
COGN,5/31/2002,0.0000,0.0000,0.0000,0,0,0,0,0,
COHR,5/31/2002,0.0000,0.0000,0.0000,0,0,0,10,0,
COL,5/31/2002,0.0000,0.0000,0.0000,0,0,0,20,0,
COMS,5/31/2002,0.0000,0.0000,0.0000,0,0,0,10,0,
COST,5/31/2002,0.0000,0.0000,0.0000,0,0,0,563,0,
COX,5/31/2002,0.0000,0.0000,0.0000,0,0,0,25,0,
CPB,5/31/2002,0.0000,0.0000,0.0000,0,0,0,8,0,
CPKI,5/31/2002,0.0000,0.0000,0.0000,0,0,0,0,0,
CPN,5/31/2002,0.0000,0.0000,0.0000,0,0,0,1848,0,
CPRT,5/31/2002,0.0000,0.0000,0.0000,0,0,0,43,0,
CPWM,5/31/2002,0.0000,0.0000,0.0000,0,0,0,0,0,
CPWR,5/31/2002,0.0000,0.0000,0.0000,0,0,0,1,0,
CRA,5/31/2002,0.0000,0.0000,0.0000,0,0,0,36,0,
CREE,5/31/2002,0.0000,0.0000,0.0000,0,0,0,19,0,
CRGN,5/31/2002,0.0000,0.0000,0.0000,0,0,0,0,0,
CRXA,5/31/2002,0.0000,0.0000,0.0000,0,0,0,103,0,
CSC,5/31/2002,0.0000,0.0000,0.0000,0,0,0,0,0,
CSCO,5/31/2002,0.0000,0.0000,0.0000,0,0,0,183,0,
CSGS,5/31/2002,0.0000,0.0000,0.0000,0,0,0,0,0,
CSTR,5/31/2002,0.0000,0.0000,0.0000,0,0,0,0,0,
CSX,5/31/2002,0.0000,0.0000,0.0000,0,0,0,20,0,
CTAS,5/31/2002,0.0000,0.0000,0.0000,0,0,0,254,0,
CTB,5/31/2002,0.0000,0.0000,0.0000,0,0,0,3,0,
CTL,5/31/2002,0.0000,0.0000,0.0000,0,0,0,5,0,
CTV,5/31/2002,0.0000,0.0000,0.0000,0,0,0,0,0,
CTX,5/31/2002,0.0000,0.0000,0.0000,0,0,0,25,0,
CVC,5/31/2002,0.0000,0.0000,0.0000,0,0,0,0,0,
CVD,5/31/2002,0.0000,0.0000,0.0000,0,0,0,0,0,
CVG,5/31/2002,0.0000,0.0000,0.0000,0,0,0,0,0,
CVH,5/31/2002,0.0000,0.0000,0.0000,0,0,0,20,0,
CVS,5/31/2002,0.0000,0.0000,0.0000,0,0,0,445,0,
CVX,5/31/2002,0.0000,0.0000,0.0000,0,0,0,22,0,
CX,5/31/2002,0.0000,0.0000,0.0000,0,0,0,0,0,
CY,5/31/2002,0.0000,0.0000,0.0000,0,0,0,0,0,
CYBX,5/31/2002,0.0000,0.0000,0.0000,0,0,0,50,0,
CYC,5/31/2002,0.0000,0.0000,0.0000,0,0,0,0,0,
CYT,5/31/2002,0.0000,0.0000,0.0000,0,0,0,15,0,
CZN,5/31/2002,0.0000,0.0000,0.0000,0,0,0,10,0,
D,5/31/2002,0.0000,0.0000,0.0000,0,0,0,0,0,
DB,5/31/2002,0.0000,0.0000,0.0000,0,0,0,1,0,
DCN,5/31/2002,0.0000,0.0000,0.0000,0,0,0,0,0,
DCTM,5/31/2002,0.0000,0.0000,0.0000,0,0,0,0,0,
DCX,5/31/2002,0.0000,0.0000,0.0000,0,0,0,1008,0,
DD,5/31/2002,0.0000,0.0000,0.0000,0,0,0,48,0,
DDS,5/31/2002,0.0000,0.0000,0.0000,0,0,0,1,0,
DE,5/31/2002,0.0000,0.0000,0.0000,0,0,0,1,0,
DELL,5/31/2002,0.0000,0.0000,0.0000,0,0,0,2275,0,
DF,5/31/2002,0.0000,0.0000,0.0000,0,0,0,70,0,
DG,5/31/2002,0.0000,0.0000,0.0000,0,0,0,119,0,
DGX,5/31/2002,0.0000,0.0000,0.0000,0,0,0,316,0,
DHI,5/31/2002,0.0000,0.0000,0.0000,0,0,0,6,0,
DHR,5/31/2002,0.0000,0.0000,0.0000,0,0,0,0,0,
DIAN,5/31/2002,0.0000,0.0000,0.0000,0,0,0,0,0,
DIS,5/31/2002,0.0000,0.0000,0.0000,0,0,0,1415,0,
DJ,5/31/2002,0.0000,0.0000,0.0000,0,0,0,11,0,
DJX,5/31/2002,0.0000,0.0000,0.0000,0,0,0,310,0,
DLTR,5/31/2002,0.0000,0.0000,0.0000,0,0,0,6,0,
DNA,5/31/2002,0.0000,0.0000,0.0000,0,0,0,0,0,
DNB,5/31/2002,0.0000,0.0000,0.0000,0,0,0,0,0,
DO,5/31/2002,0.0000,0.0000,0.0000,0,0,0,0,0,
DORL,5/31/2002,0.0000,0.0000,0.0000,0,0,0,0,0,
DOW,5/31/2002,0.0000,0.0000,0.0000,0,0,0,28,0,
DPH,5/31/2002,0.0000,0.0000,0.0000,0,0,0,3,0,
DRE,5/31/2002,0.0000,0.0000,0.0000,0,0,0,0,0,
DRG,5/31/2002,0.0000,0.0000,0.0000,0,0,0,0,0,
DRI,5/31/2002,0.0000,0.0000,0.0000,0,0,0,15,0,
DRIV,5/31/2002,0.0000,0.0000,0.0000,0,0,0,0,0,
DRYR,5/31/2002,0.0000,0.0000,0.0000,0,0,0,0,0,
DST,5/31/2002,0.0000,0.0000,0.0000,0,0,0,2,0,
DT,5/31/2002,0.0000,0.0000,0.0000,0,0,0,376,0,
DTE,5/31/2002,0.0000,0.0000,0.0000,0,0,0,0,0,
DTX,5/31/2002,0.0000,0.0000,0.0000,0,0,0,0,0,
DUK,5/31/2002,0.0000,0.0000,0.0000,0,0,0,0,0,
DVA,5/31/2002,0.0000,0.0000,0.0000,0,0,0,113,0,
DVN,5/31/2002,0.0000,0.0000,0.0000,0,0,0,34,0,
DVSA,5/31/2002,0.0000,0.0000,0.0000,0,0,0,0,0,
DYN,5/31/2002,0.0000,0.0000,0.0000,0,0,0,30,0,
EAT,5/31/2002,0.0000,0.0000,0.0000,0,0,0,0,0,
EBAY,5/31/2002,0.0000,0.0000,0.0000,0,0,0,1164,0,
ED,5/31/2002,0.0000,0.0000,0.0000,0,0,0,21,0,
EFX,5/31/2002,0.0000,0.0000,0.0000,0,0,0,0,0,
EK,5/31/2002,0.0000,0.0000,0.0000,0,0,0,35,0,
EL,5/31/2002,0.0000,0.0000,0.0000,0,0,0,0,0,
ELBO,5/31/2002,0.0000,0.0000,0.0000,0,0,0,36,0,
ELN,5/31/2002,0.0000,0.0000,0.0000,0,0,0,0,0,
ELNK,5/31/2002,0.0000,0.0000,0.0000,0,0,0,271,0,
ELON,5/31/2002,0.0000,0.0000,0.0000,0,0,0,0,0,
ELY,5/31/2002,0.0000,0.0000,0.0000,0,0,0,62,0,
EMC,5/31/2002,0.0000,0.0000,0.0000,0,0,0,2315,0,
EMIS,5/31/2002,0.0000,0.0000,0.0000,0,0,0,0,0,
EMLX,5/31/2002,0.0000,0.0000,0.0000,0,0,0,130,0,
EMN,5/31/2002,0.0000,0.0000,0.0000,0,0,0,2,0,
EMR,5/31/2002,0.0000,0.0000,0.0000,0,0,0,0,0,
ENDO,5/31/2002,0.0000,0.0000,0.0000,0,0,0,0,0,
ENZ,5/31/2002,0.0000,0.0000,0.0000,0,0,0,25,0,
ENZN,5/31/2002,0.0000,0.0000,0.0000,0,0,0,42,0,
EOG,5/31/2002,0.0000,0.0000,0.0000,0,0,0,1293,0,
EOP,5/31/2002,0.0000,0.0000,0.0000,0,0,0,40,0,
EQR,5/31/2002,0.0000,0.0000,0.0000,0,0,0,0,0,
EQT,5/31/2002,0.0000,0.0000,0.0000,0,0,0,40,0,
ERICY,5/31/2002,0.0000,0.0000,0.0000,0,0,0,3411,0,
ERTS,5/31/2002,0.0000,0.0000,0.0000,0,0,0,15,0,
ESRX,5/31/2002,0.0000,0.0000,0.0000,0,0,0,197,0,
ESST,5/31/2002,0.0000,0.0000,0.0000,0,0,0,63,0,
ESV,5/31/2002,0.0000,0.0000,0.0000,0,0,0,0,0,
ET,5/31/2002,0.0000,0.0000,0.0000,0,0,0,210,0,
ETH,5/31/2002,0.0000,0.0000,0.0000,0,0,0,4,0,
ETN,5/31/2002,0.0000,0.0000,0.0000,0,0,0,0,0,
ETR,5/31/2002,0.0000,0.0000,0.0000,0,0,0,40,0,
EUR,5/31/2002,0.0000,0.0000,0.0000,0,0,0,142,0,
EXBD,5/31/2002,0.0000,0.0000,0.0000,0,0,0,0,0,
EXC,5/31/2002,0.0000,0.0000,0.0000,0,0,0,4,0,
EXEL,5/31/2002,0.0000,0.0000,0.0000,0,0,0,30,0,
EXPD,5/31/2002,0.0000,0.0000,0.0000,0,0,0,10,0,
EXPE,5/31/2002,0.0000,0.0000,0.0000,0,0,0,16,0,
EXTR,5/31/2002,0.0000,0.0000,0.0000,0,0,0,210,0,
EYE,5/31/2002,0.0000,0.0000,0.0000,0,0,0,0,0,
F,5/31/2002,0.0000,0.0000,0.0000,0,0,0,20,0,
FAST,5/31/2002,0.0000,0.0000,0.0000,0,0,0,10,0,
FBF,5/31/2002,0.0000,0.0000,0.0000,0,0,0,21,0,
FCH,5/31/2002,0.0000,0.0000,0.0000,0,0,0,14,0,
FCN,5/31/2002,0.0000,0.0000,0.0000,0,0,0,4,0,
FCS,5/31/2002,0.0000,0.0000,0.0000,0,0,0,2065,0,
FCX,5/31/2002,0.0000,0.0000,0.0000,0,0,0,40,0,
FD,5/31/2002,0.0000,0.0000,0.0000,0,0,0,1005,0,
FDG,5/31/2002,0.0000,0.0000,0.0000,0,0,0,0,0,
FDO,5/31/2002,0.0000,0.0000,0.0000,0,0,0,100,0,
FDP,5/31/2002,0.0000,0.0000,0.0000,0,0,0,0,0,
FDRY,5/31/2002,0.0000,0.0000,0.0000,0,0,0,1737,0,
FDX,5/31/2002,0.0000,0.0000,0.0000,0,0,0,281,0,
FEIC,5/31/2002,0.0000,0.0000,0.0000,0,0,0,25,0,
FFF,5/31/2002,0.0000,0.0000,0.0000,0,0,0,1,0,
FFIV,5/31/2002,0.0000,0.0000,0.0000,0,0,0,16,0,
FHCC,5/31/2002,0.0000,0.0000,0.0000,0,0,0,13,0,
FHR,5/31/2002,0.0000,0.0000,0.0000,0,0,0,0,0,
FISV,5/31/2002,0.0000,0.0000,0.0000,0,0,0,3,0,
FITB,5/31/2002,0.0000,0.0000,0.0000,0,0,0,39,0,
FLM,5/31/2002,0.0000,0.0000,0.0000,0,0,0,140,0,
FLR,5/31/2002,0.0000,0.0000,0.0000,0,0,0,0,0,
FMC,5/31/2002,0.0000,0.0000,0.0000,0,0,0,0,0,
FNF,5/31/2002,0.0000,0.0000,0.0000,0,0,0,500,0,
FNM,5/31/2002,0.0000,0.0000,0.0000,0,0,0,6,0,
FON,5/31/2002,0.0000,0.0000,0.0000,0,0,0,103,0,
FOX,5/31/2002,0.0000,0.0000,0.0000,0,0,0,5,0,
FPL,5/31/2002,0.0000,0.0000,0.0000,0,0,0,65,0,
FRE,5/31/2002,0.0000,0.0000,0.0000,0,0,0,25408,0,
FRED,5/31/2002,0.0000,0.0000,0.0000,0,0,0,21,0,
FRX,5/31/2002,0.0000,0.0000,0.0000,0,0,0,0,0,
FS,5/31/2002,0.0000,0.0000,0.0000,0,0,0,0,0,
FTI,5/31/2002,0.0000,0.0000,0.0000,0,0,0,56,0,
FTS,5/31/2002,0.0000,0.0000,0.0000,0,0,0,0,0,
G,5/31/2002,0.0000,0.0000,0.0000,0,0,0,7259,0,
GBBK,5/31/2002,0.0000,0.0000,0.0000,0,0,0,0,0,
GCI,5/31/2002,0.0000,0.0000,0.0000,0,0,0,2,0,
GD,5/31/2002,0.0000,0.0000,0.0000,0,0,0,12,0,
GDT,5/31/2002,0.0000,0.0000,0.0000,0,0,0,20,0,
GDW,5/31/2002,0.0000,0.0000,0.0000,0,0,0,4,0,
GE,5/31/2002,0.0000,0.0000,0.0000,0,0,0,391,0,
GERN,5/31/2002,0.0000,0.0000,0.0000,0,0,0,24,0,
GILD,5/31/2002,0.0000,0.0000,0.0000,0,0,0,257,0,
GIS,5/31/2002,0.0000,0.0000,0.0000,0,0,0,146,0,
GLBL,5/31/2002,0.0000,0.0000,0.0000,0,0,0,0,0,
GM,5/31/2002,0.0000,0.0000,0.0000,0,0,0,13,0,
GMH,5/31/2002,0.0000,0.0000,0.0000,0,0,0,0,0,
GMST,5/31/2002,0.0000,0.0000,0.0000,0,0,0,72,0,
GMT,5/31/2002,0.0000,0.0000,0.0000,0,0,0,54,0,
GNTX,5/31/2002,0.0000,0.0000,0.0000,0,0,0,8,0,
GOX,5/31/2002,0.0000,0.0000,0.0000,0,0,0,1,0,
GP,5/31/2002,0.0000,0.0000,0.0000,0,0,0,0,0,
GPC,5/31/2002,0.0000,0.0000,0.0000,0,0,0,0,0,
GPS,5/31/2002,0.0000,0.0000,0.0000,0,0,0,313,0,
GPT,5/31/2002,0.0000,0.0000,0.0000,0,0,0,15,0,
GR,5/31/2002,0.0000,0.0000,0.0000,0,0,0,5,0,
GRP,5/31/2002,0.0000,0.0000,0.0000,0,0,0,0,0,
GS,5/31/2002,0.0000,0.0000,0.0000,0,0,0,1283,0,
GSB,5/31/2002,0.0000,0.0000,0.0000,0,0,0,171,0,
GSF,5/31/2002,0.0000,0.0000,0.0000,0,0,0,300,0,
GSK,5/31/2002,0.0000,0.0000,0.0000,0,0,0,32,0,
GT,5/31/2002,0.0000,0.0000,0.0000,0,0,0,424,0,
GTK,5/31/2002,0.0000,0.0000,0.0000,0,0,0,0,0,
GTW,5/31/2002,0.0000,0.0000,0.0000,0,0,0,877,0,
GUC,5/31/2002,0.0000,0.0000,0.0000,0,0,0,375,0,
GYMB,5/31/2002,0.0000,0.0000,0.0000,0,0,0,2,0,
HAL,5/31/2002,0.0000,0.0000,0.0000,0,0,0,9,0,
HAS,5/31/2002,0.0000,0.0000,0.0000,0,0,0,7,0,
HC,5/31/2002,0.0000,0.0000,0.0000,0,0,0,0,0,
HCA,5/31/2002,0.0000,0.0000,0.0000,0,0,0,1389,0,
HCR,5/31/2002,0.0000,0.0000,0.0000,0,0,0,30,0,
HD,5/31/2002,0.0000,0.0000,0.0000,0,0,0,231,0,
HDI,5/31/2002,0.0000,0.0000,0.0000,0,0,0,55,0,
HELX,5/31/2002,0.0000,0.0000,0.0000,0,0,0,15,0,
HET,5/31/2002,0.0000,0.0000,0.0000,0,0,0,4,0,
HGSI,5/31/2002,0.0000,0.0000,0.0000,0,0,0,93,0,
HI,5/31/2002,0.0000,0.0000,0.0000,0,0,0,245,0,
HIB,5/31/2002,0.0000,0.0000,0.0000,0,0,0,57,0,
HIG,5/31/2002,0.0000,0.0000,0.0000,0,0,0,3,0,
HLT,5/31/2002,0.0000,0.0000,0.0000,0,0,0,1660,0,
HLTH,5/31/2002,0.0000,0.0000,0.0000,0,0,0,158,0,
HLYW,5/31/2002,0.0000,0.0000,0.0000,0,0,0,11,0,
HMA,5/31/2002,0.0000,0.0000,0.0000,0,0,0,220,0,
HMT,5/31/2002,0.0000,0.0000,0.0000,0,0,0,5,0,
HNCS,5/31/2002,0.0000,0.0000,0.0000,0,0,0,12,0,
HNT,5/31/2002,0.0000,0.0000,0.0000,0,0,0,0,0,
HNZ,5/31/2002,0.0000,0.0000,0.0000,0,0,0,2,0,
HOLX,5/31/2002,0.0000,0.0000,0.0000,0,0,0,0,0,
HON,5/31/2002,0.0000,0.0000,0.0000,0,0,0,24,0,
HOT,5/31/2002,0.0000,0.0000,0.0000,0,0,0,0,0,
HOTT,5/31/2002,0.0000,0.0000,0.0000,0,0,0,1,0,
HOV,5/31/2002,0.0000,0.0000,0.0000,0,0,0,4,0,
HPC,5/31/2002,0.0000,0.0000,0.0000,0,0,0,0,0,
HPLA,5/31/2002,0.0000,0.0000,0.0000,0,0,0,10,0,
HRB,5/31/2002,0.0000,0.0000,0.0000,0,0,0,0,0,
HRC,5/31/2002,0.0000,0.0000,0.0000,0,0,0,0,0,
HRS,5/31/2002,0.0000,0.0000,0.0000,0,0,0,3,0,
HSIC,5/31/2002,0.0000,0.0000,0.0000,0,0,0,0,0,
HSP,5/31/2002,0.0000,0.0000,0.0000,0,0,0,0,0,
HSY,5/31/2002,0.0000,0.0000,0.0000,0,0,0,12,0,
HTCH,5/31/2002,0.0000,0.0000,0.0000,0,0,0,0,0,
HUM,5/31/2002,0.0000,0.0000,0.0000,0,0,0,7,0,
ICN,5/31/2002,0.0000,0.0000,0.0000,0,0,0,0,0,
ICST,5/31/2002,0.0000,0.0000,0.0000,0,0,0,0,0,
IDCC,5/31/2002,0.0000,0.0000,0.0000,0,0,0,308,0,
IDPH,5/31/2002,0.0000,0.0000,0.0000,0,0,0,17,0,
IDT,5/31/2002,0.0000,0.0000,0.0000,0,0,0,57,0,
IDTI,5/31/2002,0.0000,0.0000,0.0000,0,0,0,32,0,
IFF,5/31/2002,0.0000,0.0000,0.0000,0,0,0,0,0,
IFIN,5/31/2002,0.0000,0.0000,0.0000,0,0,0,5,0,
IGEN,5/31/2002,0.0000,0.0000,0.0000,0,0,0,31,0,
IGL,5/31/2002,0.0000,0.0000,0.0000,0,0,0,0,0,
IGT,5/31/2002,0.0000,0.0000,0.0000,0,0,0,636,0,
IIX,5/31/2002,0.0000,0.0000,0.0000,0,0,0,0,0,
IKN,5/31/2002,0.0000,0.0000,0.0000,0,0,0,0,0,
IMCL,5/31/2002,0.0000,0.0000,0.0000,0,0,0,16,0,
IMCO,5/31/2002,0.0000,0.0000,0.0000,0,0,0,6,0,
IMNX,5/31/2002,0.0000,0.0000,0.0000,0,0,0,82,0,
IMPH,5/31/2002,0.0000,0.0000,0.0000,0,0,0,10,0,
INHL,5/31/2002,0.0000,0.0000,0.0000,0,0,0,0,0,
INTC,5/31/2002,0.0000,0.0000,0.0000,0,0,0,26,0,
INTU,5/31/2002,0.0000,0.0000,0.0000,0,0,0,867,0,
INVN,5/31/2002,0.0000,0.0000,0.0000,0,0,0,8,0,
INX,5/31/2002,0.0000,0.0000,0.0000,0,0,0,0,0,
IOM,5/31/2002,0.0000,0.0000,0.0000,0,0,0,0,0,
IP,5/31/2002,0.0000,0.0000,0.0000,0,0,0,168,0,
IPG,5/31/2002,0.0000,0.0000,0.0000,0,0,0,0,0,
IR,5/31/2002,0.0000,0.0000,0.0000,0,0,0,1,0,
IRF,5/31/2002,0.0000,0.0000,0.0000,0,0,0,331,0,
ISIL,5/31/2002,0.0000,0.0000,0.0000,0,0,0,123,0,
ITMN,5/31/2002,0.0000,0.0000,0.0000,0,0,0,0,0,
ITT,5/31/2002,0.0000,0.0000,0.0000,0,0,0,204,0,
ITW,5/31/2002,0.0000,0.0000,0.0000,0,0,0,211,0,
IVGN,5/31/2002,0.0000,0.0000,0.0000,0,0,0,0,0,
IVX,5/31/2002,0.0000,0.0000,0.0000,0,0,0,681,0,
IWM,5/31/2002,0.0000,0.0000,0.0000,0,0,0,0,0,
IWN,5/31/2002,0.0000,0.0000,0.0000,0,0,0,0,0,
IWO,5/31/2002,0.0000,0.0000,0.0000,0,0,0,0,0,
JBHT,5/31/2002,0.0000,0.0000,0.0000,0,0,0,0,0,
JBL,5/31/2002,0.0000,0.0000,0.0000,0,0,0,285,0,
JBX,5/31/2002,0.0000,0.0000,0.0000,0,0,0,0,0,
JCI,5/31/2002,0.0000,0.0000,0.0000,0,0,0,33,0,
JCP,5/31/2002,0.0000,0.0000,0.0000,0,0,0,342,0,
JDEC,5/31/2002,0.0000,0.0000,0.0000,0,0,0,75,0,
JDSU,5/31/2002,0.0000,0.0000,0.0000,0,0,0,78,0,
JEC,5/31/2002,0.0000,0.0000,0.0000,0,0,0,5,0,
JEF,5/31/2002,0.0000,0.0000,0.0000,0,0,0,0,0,
JHF,5/31/2002,0.0000,0.0000,0.0000,0,0,0,0,0,
JILL,5/31/2002,0.0000,0.0000,0.0000,0,0,0,0,0,
JNJ,5/31/2002,0.0000,0.0000,0.0000,0,0,0,215,0,
JNPR,5/31/2002,0.0000,0.0000,0.0000,0,0,0,34,0,
JPM,5/31/2002,0.0000,0.0000,0.0000,0,0,0,24,0,
JPN,5/31/2002,0.0000,0.0000,0.0000,0,0,0,0,0,
JWN,5/31/2002,0.0000,0.0000,0.0000,0,0,0,0,0,
K,5/31/2002,0.0000,0.0000,0.0000,0,0,0,0,0,
KBH,5/31/2002,0.0000,0.0000,0.0000,0,0,0,52,0,
KCP,5/31/2002,0.0000,0.0000,0.0000,0,0,0,0,0,
KDE,5/31/2002,0.0000,0.0000,0.0000,0,0,0,287,0,
KEG,5/31/2002,0.0000,0.0000,0.0000,0,0,0,65,0,
KEM,5/31/2002,0.0000,0.0000,0.0000,0,0,0,155,0,
KEY,5/31/2002,0.0000,0.0000,0.0000,0,0,0,9,0,
KFT,5/31/2002,0.0000,0.0000,0.0000,0,0,0,0,0,
KG,5/31/2002,0.0000,0.0000,0.0000,0,0,0,385,0,
KKD,5/31/2002,0.0000,0.0000,0.0000,0,0,0,403,0,
KLAC,5/31/2002,0.0000,0.0000,0.0000,0,0,0,35,0,
KLIC,5/31/2002,0.0000,0.0000,0.0000,0,0,0,10,0,
KMB,5/31/2002,0.0000,0.0000,0.0000,0,0,0,466,0,
KMG,5/31/2002,0.0000,0.0000,0.0000,0,0,0,0,0,
KMI,5/31/2002,0.0000,0.0000,0.0000,0,0,0,175,0,
KMP,5/31/2002,0.0000,0.0000,0.0000,0,0,0,0,0,
KMX,5/31/2002,0.0000,0.0000,0.0000,0,0,0,0,0,
KO,5/31/2002,0.0000,0.0000,0.0000,0,0,0,95,0,
KR,5/31/2002,0.0000,0.0000,0.0000,0,0,0,26,0,
KRB,5/31/2002,0.0000,0.0000,0.0000,0,0,0,25,0,
KROL,5/31/2002,0.0000,0.0000,0.0000,0,0,0,3,0,
KSE,5/31/2002,0.0000,0.0000,0.0000,0,0,0,5,0,
KSS,5/31/2002,0.0000,0.0000,0.0000,0,0,0,29,0,
KTC,5/31/2002,0.0000,0.0000,0.0000,0,0,0,50,0,
L,5/31/2002,0.0000,0.0000,0.0000,0,0,0,288,0,
LAF,5/31/2002,0.0000,0.0000,0.0000,0,0,0,100,0,
LAMR,5/31/2002,0.0000,0.0000,0.0000,0,0,0,10,0,
LE,5/31/2002,0.0000,0.0000,0.0000,0,0,0,0,0,
LEA,5/31/2002,0.0000,0.0000,0.0000,0,0,0,0,0,
LEG,5/31/2002,0.0000,0.0000,0.0000,0,0,0,0,0,
LEH,5/31/2002,0.0000,0.0000,0.0000,0,0,0,88,0,
LEN,5/31/2002,0.0000,0.0000,0.0000,0,0,0,34,0,
LH,5/31/2002,0.0000,0.0000,0.0000,0,0,0,68,0,
LIN,5/31/2002,0.0000,0.0000,0.0000,0,0,0,0,0,
LIZ,5/31/2002,0.0000,0.0000,0.0000,0,0,0,4,0,
LLL,5/31/2002,0.0000,0.0000,0.0000,0,0,0,44,0,
LLTC,5/31/2002,0.0000,0.0000,0.0000,0,0,0,130,0,
LLY,5/31/2002,0.0000,0.0000,0.0000,0,0,0,341,0,
LM,5/31/2002,0.0000,0.0000,0.0000,0,0,0,3,0,
LMNX,5/31/2002,0.0000,0.0000,0.0000,0,0,0,0,0,
LMT,5/31/2002,0.0000,0.0000,0.0000,0,0,0,16,0,
LNC,5/31/2002,0.0000,0.0000,0.0000,0,0,0,2,0,
LNCR,5/31/2002,0.0000,0.0000,0.0000,0,0,0,64,0,
LNT,5/31/2002,0.0000,0.0000,0.0000,0,0,0,4,0,
LOW,5/31/2002,0.0000,0.0000,0.0000,0,0,0,2644,0,
LPNT,5/31/2002,0.0000,0.0000,0.0000,0,0,0,0,0,
LRCX,5/31/2002,0.0000,0.0000,0.0000,0,0,0,0,0,
LSI,5/31/2002,0.0000,0.0000,0.0000,0,0,0,7,0,
LTD,5/31/2002,0.0000,0.0000,0.0000,0,0,0,94,0,
LTRE,5/31/2002,0.0000,0.0000,0.0000,0,0,0,0,0,
LUV,5/31/2002,0.0000,0.0000,0.0000,0,0,0,428,0,
LUX,5/31/2002,0.0000,0.0000,0.0000,0,0,0,0,0,
LVLT,5/31/2002,0.0000,0.0000,0.0000,0,0,0,439,0,
LXK,5/31/2002,0.0000,0.0000,0.0000,0,0,0,69,0,
LYO,5/31/2002,0.0000,0.0000,0.0000,0,0,0,10,0,
MAN,5/31/2002,0.0000,0.0000,0.0000,0,0,0,15,0,
MAR,5/31/2002,0.0000,0.0000,0.0000,0,0,0,100,0,
MAS,5/31/2002,0.0000,0.0000,0.0000,0,0,0,125,0,
MAT,5/31/2002,0.0000,0.0000,0.0000,0,0,0,910,0,
MATK,5/31/2002,0.0000,0.0000,0.0000,0,0,0,25,0,
MAY,5/31/2002,0.0000,0.0000,0.0000,0,0,0,0,0,
MBG,5/31/2002,0.0000,0.0000,0.0000,0,0,0,0,0,
MBI,5/31/2002,0.0000,0.0000,0.0000,0,0,0,0,0,
MCAF,5/31/2002,0.0000,0.0000,0.0000,0,0,0,0,0,
MCD,5/31/2002,0.0000,0.0000,0.0000,0,0,0,1,0,
MCDT,5/31/2002,0.0000,0.0000,0.0000,0,0,0,2,0,
MCDTA,5/31/2002,0.0000,0.0000,0.0000,0,0,0,16,0,
MCHP,5/31/2002,0.0000,0.0000,0.0000,0,0,0,138,0,
MCK,5/31/2002,0.0000,0.0000,0.0000,0,0,0,114,0,
MCO,5/31/2002,0.0000,0.0000,0.0000,0,0,0,0,0,
MCY,5/31/2002,0.0000,0.0000,0.0000,0,0,0,0,0,
MDG,5/31/2002,0.0000,0.0000,0.0000,0,0,0,68,0,
MDT,5/31/2002,0.0000,0.0000,0.0000,0,0,0,1001,0,
MDY,5/31/2002,0.0000,0.0000,0.0000,0,0,0,0,0,
MEDC,5/31/2002,0.0000,0.0000,0.0000,0,0,0,0,0,
MEL,5/31/2002,0.0000,0.0000,0.0000,0,0,0,363,0,
MER,5/31/2002,0.0000,0.0000,0.0000,0,0,0,48,0,
MERQ,5/31/2002,0.0000,0.0000,0.0000,0,0,0,10,0,
MERX,5/31/2002,0.0000,0.0000,0.0000,0,0,0,14,0,
MET,5/31/2002,0.0000,0.0000,0.0000,0,0,0,0,0,
MGG,5/31/2002,0.0000,0.0000,0.0000,0,0,0,0,0,
MGM,5/31/2002,0.0000,0.0000,0.0000,0,0,0,30,0,
MHK,5/31/2002,0.0000,0.0000,0.0000,0,0,0,62,0,
MID,5/31/2002,0.0000,0.0000,0.0000,0,0,0,0,0,
MIK,5/31/2002,0.0000,0.0000,0.0000,0,0,0,0,0,
MIMS,5/31/2002,0.0000,0.0000,0.0000,0,0,0,1,0,
MIR,5/31/2002,0.0000,0.0000,0.0000,0,0,0,597,0,
MLNM,5/31/2002,0.0000,0.0000,0.0000,0,0,0,20,0,
MMC,5/31/2002,0.0000,0.0000,0.0000,0,0,0,5,0,
MME,5/31/2002,0.0000,0.0000,0.0000,0,0,0,6,0,
MMM,5/31/2002,0.0000,0.0000,0.0000,0,0,0,125,0,
MNX,5/31/2002,0.0000,0.0000,0.0000,0,0,0,0,0,
MO,5/31/2002,0.0000,0.0000,0.0000,0,0,0,614,0,
MOLX,5/31/2002,0.0000,0.0000,0.0000,0,0,0,0,0,
MOT,5/31/2002,0.0000,0.0000,0.0000,0,0,0,77,0,
MOVI,5/31/2002,0.0000,0.0000,0.0000,0,0,0,0,0,
MRK,5/31/2002,0.0000,0.0000,0.0000,0,0,0,16,0,
MRO,5/31/2002,0.0000,0.0000,0.0000,0,0,0,27,0,
MRVL,5/31/2002,0.0000,0.0000,0.0000,0,0,0,0,0,
MSFT,5/31/2002,0.0000,0.0000,0.0000,0,0,0,3615,0,
MSH,5/31/2002,0.0000,0.0000,0.0000,0,0,0,0,0,
MSO,5/31/2002,0.0000,0.0000,0.0000,0,0,0,2,0,
MTB,5/31/2002,0.0000,0.0000,0.0000,0,0,0,5,0,
MTG,5/31/2002,0.0000,0.0000,0.0000,0,0,0,160,0,
MTZ,5/31/2002,0.0000,0.0000,0.0000,0,0,0,222,0,
MU,5/31/2002,0.0000,0.0000,0.0000,0,0,0,195,0,
MUR,5/31/2002,0.0000,0.0000,0.0000,0,0,0,0,0,
MVK,5/31/2002,0.0000,0.0000,0.0000,0,0,0,0,0,
MW,5/31/2002,0.0000,0.0000,0.0000,0,0,0,0,0,
MWD,5/31/2002,0.0000,0.0000,0.0000,0,0,0,27,0,
MXIM,5/31/2002,0.0000,0.0000,0.0000,0,0,0,789,0,
MYG,5/31/2002,0.0000,0.0000,0.0000,0,0,0,0,0,
MYGN,5/31/2002,0.0000,0.0000,0.0000,0,0,0,0,0,
MYL,5/31/2002,0.0000,0.0000,0.0000,0,0,0,279,0,
N,5/31/2002,0.0000,0.0000,0.0000,0,0,0,10,0,
NBL,5/31/2002,0.0000,0.0000,0.0000,0,0,0,0,0,
NBR,5/31/2002,0.0000,0.0000,0.0000,0,0,0,619,0,
NBTY,5/31/2002,0.0000,0.0000,0.0000,0,0,0,75,0,
NCC,5/31/2002,0.0000,0.0000,0.0000,0,0,0,565,0,
NCEN,5/31/2002,0.0000,0.0000,0.0000,0,0,0,34,0,
NCOG,5/31/2002,0.0000,0.0000,0.0000,0,0,0,0,0,
NDE,5/31/2002,0.0000,0.0000,0.0000,0,0,0,0,0,
NDN,5/31/2002,0.0000,0.0000,0.0000,0,0,0,15,0,
NDX,5/31/2002,0.0000,0.0000,0.0000,0,0,0,0,0,
NE,5/31/2002,0.0000,0.0000,0.0000,0,0,0,99,0,
NEM,5/31/2002,0.0000,0.0000,0.0000,0,0,0,1047,0,
NEOF,5/31/2002,0.0000,0.0000,0.0000,0,0,0,5,0,
NEOL,5/31/2002,0.0000,0.0000,0.0000,0,0,0,0,0,
NEU,5/31/2002,0.0000,0.0000,0.0000,0,0,0,20,0,
NEWP,5/31/2002,0.0000,0.0000,0.0000,0,0,0,93,0,
NFB,5/31/2002,0.0000,0.0000,0.0000,0,0,0,0,0,
NI,5/31/2002,0.0000,0.0000,0.0000,0,0,0,7,0,
NITE,5/31/2002,0.0000,0.0000,0.0000,0,0,0,431,0,
NKE,5/31/2002,0.0000,0.0000,0.0000,0,0,0,29,0,
NOC,5/31/2002,0.0000,0.0000,0.0000,0,0,0,115,0,
NOI,5/31/2002,0.0000,0.0000,0.0000,0,0,0,0,0,
NOK,5/31/2002,0.0000,0.0000,0.0000,0,0,0,433,0,
NOVL,5/31/2002,0.0000,0.0000,0.0000,0,0,0,1166,0,
NRG,5/31/2002,0.0000,0.0000,0.0000,0,0,0,25,0,
NSC,5/31/2002,0.0000,0.0000,0.0000,0,0,0,0,0,
NSM,5/31/2002,0.0000,0.0000,0.0000,0,0,0,151,0,
NSS,5/31/2002,0.0000,0.0000,0.0000,0,0,0,0,0,
NTAP,5/31/2002,0.0000,0.0000,0.0000,0,0,0,148,0,
NTBK,5/31/2002,0.0000,0.0000,0.0000,0,0,0,47,0,
NTIQ,5/31/2002,0.0000,0.0000,0.0000,0,0,0,6,0,
NTRS,5/31/2002,0.0000,0.0000,0.0000,0,0,0,0,0,
NUE,5/31/2002,0.0000,0.0000,0.0000,0,0,0,457,0,
NUFO,5/31/2002,0.0000,0.0000,0.0000,0,0,0,693,0,
NVLS,5/31/2002,0.0000,0.0000,0.0000,0,0,0,57,0,
NVS,5/31/2002,0.0000,0.0000,0.0000,0,0,0,15,0,
NWAC,5/31/2002,0.0000,0.0000,0.0000,0,0,0,0,0,
NWL,5/31/2002,0.0000,0.0000,0.0000,0,0,0,0,0,
NWS,5/31/2002,0.0000,0.0000,0.0000,0,0,0,0,0,
NXTL,5/31/2002,0.0000,0.0000,0.0000,0,0,0,67,0,
NYCB,5/31/2002,0.0000,0.0000,0.0000,0,0,0,328,0,
NYT,5/31/2002,0.0000,0.0000,0.0000,0,0,0,0,0,
OCAS,5/31/2002,0.0000,0.0000,0.0000,0,0,0,20,0,
OCR,5/31/2002,0.0000,0.0000,0.0000,0,0,0,0,0,
ODP,5/31/2002,0.0000,0.0000,0.0000,0,0,0,378,0,
OEI,5/31/2002,0.0000,0.0000,0.0000,0,0,0,43,0,
OEX,5/31/2002,0.1988,0.2094,0.2041,15100,15750,30850,97416,108182,
OHP,5/31/2002,0.0000,0.0000,0.0000,0,0,0,84,0,
OIH,5/31/2002,0.0000,0.0000,0.0000,0,0,0,1,0,
ONE,5/31/2002,0.0000,0.0000,0.0000,0,0,0,321,0,
ONIS,5/31/2002,0.0000,0.0000,0.0000,0,0,0,7,0,
OPMR,5/31/2002,0.0000,0.0000,0.0000,0,0,0,10,0,
OPWV,5/31/2002,0.0000,0.0000,0.0000,0,0,0,3480,0,
ORCL,5/31/2002,0.0000,0.0000,0.0000,0,0,0,608,0,
OSI,5/31/2002,0.0000,0.0000,0.0000,0,0,0,2,0,
OSIP,5/31/2002,0.0000,0.0000,0.0000,0,0,0,10,0,
OSX,5/31/2002,0.0000,0.0000,0.0000,0,0,0,4,0,
OTEX,5/31/2002,0.0000,0.0000,0.0000,0,0,0,37,0,
OVER,5/31/2002,0.0000,0.0000,0.0000,0,0,0,5,0,
OXY,5/31/2002,0.0000,0.0000,0.0000,0,0,0,97,0,
P,5/31/2002,0.0000,0.0000,0.0000,0,0,0,0,0,
PATH,5/31/2002,0.0000,0.0000,0.0000,0,0,0,390,0,
PAX,5/31/2002,0.0000,0.0000,0.0000,0,0,0,60,0,
PAYX,5/31/2002,0.0000,0.0000,0.0000,0,0,0,0,0,
PBG,5/31/2002,0.0000,0.0000,0.0000,0,0,0,60,0,
PBI,5/31/2002,0.0000,0.0000,0.0000,0,0,0,0,0,
PBR,5/31/2002,0.0000,0.0000,0.0000,0,0,0,8,0,
PBY,5/31/2002,0.0000,0.0000,0.0000,0,0,0,4,0,
PCAR,5/31/2002,0.0000,0.0000,0.0000,0,0,0,10,0,
PCL,5/31/2002,0.0000,0.0000,0.0000,0,0,0,30,0,
PCLE,5/31/2002,0.0000,0.0000,0.0000,0,0,0,5,0,
PCLN,5/31/2002,0.0000,0.0000,0.0000,0,0,0,2977,0,
PD,5/31/2002,0.0000,0.0000,0.0000,0,0,0,15,0,
PDE,5/31/2002,0.0000,0.0000,0.0000,0,0,0,728,0,
PDG,5/31/2002,0.0000,0.0000,0.0000,0,0,0,395,0,
PDLI,5/31/2002,0.0000,0.0000,0.0000,0,0,0,0,0,
PDS,5/31/2002,0.0000,0.0000,0.0000,0,0,0,3,0,
PEG,5/31/2002,0.0000,0.0000,0.0000,0,0,0,0,0,
PEP,5/31/2002,0.0000,0.0000,0.0000,0,0,0,164,0,
PETM,5/31/2002,0.0000,0.0000,0.0000,0,0,0,21,0,
PFCB,5/31/2002,0.0000,0.0000,0.0000,0,0,0,44,0,
PFE,5/31/2002,0.0000,0.0000,0.0000,0,0,0,416,0,
PFGC,5/31/2002,0.0000,0.0000,0.0000,0,0,0,0,0,
PFGI,5/31/2002,0.0000,0.0000,0.0000,0,0,0,0,0,
PG,5/31/2002,0.0000,0.0000,0.0000,0,0,0,1496,0,
PGN,5/31/2002,0.0000,0.0000,0.0000,0,0,0,0,0,
PGR,5/31/2002,0.0000,0.0000,0.0000,0,0,0,3,0,
PH,5/31/2002,0.0000,0.0000,0.0000,0,0,0,0,0,
PHA,5/31/2002,0.0000,0.0000,0.0000,0,0,0,2034,0,
PHG,5/31/2002,0.0000,0.0000,0.0000,0,0,0,0,0,
PHM,5/31/2002,0.0000,0.0000,0.0000,0,0,0,141,0,
PHSY,5/31/2002,0.0000,0.0000,0.0000,0,0,0,14,0,
PIR,5/31/2002,0.0000,0.0000,0.0000,0,0,0,0,0,
PIXR,5/31/2002,0.0000,0.0000,0.0000,0,0,0,15,0,
PKI,5/31/2002,0.0000,0.0000,0.0000,0,0,0,30,0,
PKS,5/31/2002,0.0000,0.0000,0.0000,0,0,0,0,0,
PKX,5/31/2002,0.0000,0.0000,0.0000,0,0,0,0,0,
PLCE,5/31/2002,0.0000,0.0000,0.0000,0,0,0,2,0,
PLUG,5/31/2002,0.0000,0.0000,0.0000,0,0,0,6,0,
PMCS,5/31/2002,0.0000,0.0000,0.0000,0,0,0,2,0,
PMI,5/31/2002,0.0000,0.0000,0.0000,0,0,0,3,0,
PNC,5/31/2002,0.0000,0.0000,0.0000,0,0,0,0,0,
PNRA,5/31/2002,0.0000,0.0000,0.0000,0,0,0,14,0,
POT,5/31/2002,0.0000,0.0000,0.0000,0,0,0,51,0,
PPD,5/31/2002,0.0000,0.0000,0.0000,0,0,0,873,0,
PPDI,5/31/2002,0.0000,0.0000,0.0000,0,0,0,162,0,
PPE,5/31/2002,0.0000,0.0000,0.0000,0,0,0,5,0,
PPG,5/31/2002,0.0000,0.0000,0.0000,0,0,0,0,0,
PPH,5/31/2002,0.0000,0.0000,0.0000,0,0,0,0,0,
PPL,5/31/2002,0.0000,0.0000,0.0000,0,0,0,0,0,
PR,5/31/2002,0.0000,0.0000,0.0000,0,0,0,0,0,
PRE,5/31/2002,0.0000,0.0000,0.0000,0,0,0,0,0,
PRGX,5/31/2002,0.0000,0.0000,0.0000,0,0,0,0,0,
PRHC,5/31/2002,0.0000,0.0000,0.0000,0,0,0,6,0,
PRU,5/31/2002,0.0000,0.0000,0.0000,0,0,0,6,0,
PRXL,5/31/2002,0.0000,0.0000,0.0000,0,0,0,5,0,
PSFT,5/31/2002,0.0000,0.0000,0.0000,0,0,0,24,0,
PSUN,5/31/2002,0.0000,0.0000,0.0000,0,0,0,0,0,
PTEN,5/31/2002,0.0000,0.0000,0.0000,0,0,0,93,0,
PWAV,5/31/2002,0.0000,0.0000,0.0000,0,0,0,19,0,
PWER,5/31/2002,0.0000,0.0000,0.0000,0,0,0,6,0,
PXD,5/31/2002,0.0000,0.0000,0.0000,0,0,0,0,0,
PZL,5/31/2002,0.0000,0.0000,0.0000,0,0,0,0,0,
Q,5/31/2002,0.0000,0.0000,0.0000,0,0,0,24,0,
QCOM,5/31/2002,0.0000,0.0000,0.0000,0,0,0,2486,0,
QLGC,5/31/2002,0.0000,0.0000,0.0000,0,0,0,167,0,
QLTI,5/31/2002,0.0000,0.0000,0.0000,0,0,0,0,0,
QQQ,5/31/2002,0.0000,0.0000,0.0000,0,0,0,2569,0,
QSFT,5/31/2002,0.0000,0.0000,0.0000,0,0,0,85,0,
R,5/31/2002,0.0000,0.0000,0.0000,0,0,0,0,0,
RAD,5/31/2002,0.0000,0.0000,0.0000,0,0,0,1976,0,
RATL,5/31/2002,0.0000,0.0000,0.0000,0,0,0,0,0,
RBK,5/31/2002,0.0000,0.0000,0.0000,0,0,0,20,0,
RCL,5/31/2002,0.0000,0.0000,0.0000,0,0,0,0,0,
RD,5/31/2002,0.0000,0.0000,0.0000,0,0,0,49,0,
RDA,5/31/2002,0.0000,0.0000,0.0000,0,0,0,187,0,
RDC,5/31/2002,0.0000,0.0000,0.0000,0,0,0,7,0,
RDN,5/31/2002,0.0000,0.0000,0.0000,0,0,0,22,0,
RE,5/31/2002,0.0000,0.0000,0.0000,0,0,0,650,0,
RECN,5/31/2002,0.0000,0.0000,0.0000,0,0,0,0,0,
REI,5/31/2002,0.0000,0.0000,0.0000,0,0,0,0,0,
REP,5/31/2002,0.0000,0.0000,0.0000,0,0,0,5,0,
RETK,5/31/2002,0.0000,0.0000,0.0000,0,0,0,0,0,
REV,5/31/2002,0.0000,0.0000,0.0000,0,0,0,279,0,
RG,5/31/2002,0.0000,0.0000,0.0000,0,0,0,0,0,
RHAT,5/31/2002,0.0000,0.0000,0.0000,0,0,0,1193,0,
RHD,5/31/2002,0.0000,0.0000,0.0000,0,0,0,0,0,
RHI,5/31/2002,0.0000,0.0000,0.0000,0,0,0,0,0,
RI,5/31/2002,0.0000,0.0000,0.0000,0,0,0,25,0,
RIG,5/31/2002,0.0000,0.0000,0.0000,0,0,0,0,0,
RIMM,5/31/2002,0.0000,0.0000,0.0000,0,0,0,20,0,
RJF,5/31/2002,0.0000,0.0000,0.0000,0,0,0,23,0,
RJR,5/31/2002,0.0000,0.0000,0.0000,0,0,0,0,0,
RKH,5/31/2002,0.0000,0.0000,0.0000,0,0,0,21,0,
RKY,5/31/2002,0.0000,0.0000,0.0000,0,0,0,0,0,
RLRN,5/31/2002,0.0000,0.0000,0.0000,0,0,0,10,0,
RMBS,5/31/2002,0.0000,0.0000,0.0000,0,0,0,92,0,
RMK,5/31/2002,0.0000,0.0000,0.0000,0,0,0,50,0,
RNWK,5/31/2002,0.0000,0.0000,0.0000,0,0,0,4,0,
ROH,5/31/2002,0.0000,0.0000,0.0000,0,0,0,101,0,
ROIAK,5/31/2002,0.0000,0.0000,0.0000,0,0,0,0,0,
ROK,5/31/2002,0.0000,0.0000,0.0000,0,0,0,0,0,
ROOM,5/31/2002,0.0000,0.0000,0.0000,0,0,0,10,0,
RSG,5/31/2002,0.0000,0.0000,0.0000,0,0,0,0,0,
RSH,5/31/2002,0.0000,0.0000,0.0000,0,0,0,20,0,
RTN,5/31/2002,0.0000,0.0000,0.0000,0,0,0,73,0,
RUT,5/31/2002,0.0000,0.0000,0.0000,18,1209,1227,13661,12224,
RX,5/31/2002,0.0000,0.0000,0.0000,0,0,0,0,0,
S,5/31/2002,0.0000,0.0000,0.0000,0,0,0,59,0,
SAFC,5/31/2002,0.0000,0.0000,0.0000,0,0,0,24,0,
SAH,5/31/2002,0.0000,0.0000,0.0000,0,0,0,1658,0,
SANM,5/31/2002,0.0000,0.0000,0.0000,0,0,0,0,0,
SAP,5/31/2002,0.0000,0.0000,0.0000,0,0,0,0,0,
SBC,5/31/2002,0.0000,0.0000,0.0000,0,0,0,34,0,
SBL,5/31/2002,0.0000,0.0000,0.0000,0,0,0,20,0,
SBUX,5/31/2002,0.0000,0.0000,0.0000,0,0,0,776,0,
SC,5/31/2002,0.0000,0.0000,0.0000,0,0,0,0,0,
SCH,5/31/2002,0.0000,0.0000,0.0000,0,0,0,285,0,
SCHL,5/31/2002,0.0000,0.0000,0.0000,0,0,0,0,0,
SCIO,5/31/2002,0.0000,0.0000,0.0000,0,0,0,60,0,
SCMR,5/31/2002,0.0000,0.0000,0.0000,0,0,0,4900,0,
SCOR,5/31/2002,0.0000,0.0000,0.0000,0,0,0,0,0,
SCRI,5/31/2002,0.0000,0.0000,0.0000,0,0,0,28,0,
SDS,5/31/2002,0.0000,0.0000,0.0000,0,0,0,0,0,
SEBL,5/31/2002,0.0000,0.0000,0.0000,0,0,0,49,0,
SEE,5/31/2002,0.0000,0.0000,0.0000,0,0,0,0,0,
SFA,5/31/2002,0.0000,0.0000,0.0000,0,0,0,0,0,
SFD,5/31/2002,0.0000,0.0000,0.0000,0,0,0,567,0,
SGP,5/31/2002,0.0000,0.0000,0.0000,0,0,0,192,0,
SGR,5/31/2002,0.0000,0.0000,0.0000,0,0,0,8,0,
SGY,5/31/2002,0.0000,0.0000,0.0000,0,0,0,15,0,
SHFL,5/31/2002,0.0000,0.0000,0.0000,0,0,0,0,0,
SHPGY,5/31/2002,0.0000,0.0000,0.0000,0,0,0,131,0,
SHW,5/31/2002,0.0000,0.0000,0.0000,0,0,0,0,0,
SIAL,5/31/2002,0.0000,0.0000,0.0000,0,0,0,5,0,
SII,5/31/2002,0.0000,0.0000,0.0000,0,0,0,0,0,
SIRI,5/31/2002,0.0000,0.0000,0.0000,0,0,0,267,0,
SKE,5/31/2002,0.0000,0.0000,0.0000,0,0,0,0,0,
SKO,5/31/2002,0.0000,0.0000,0.0000,0,0,0,0,0,
SLAB,5/31/2002,0.0000,0.0000,0.0000,0,0,0,23,0,
SLB,5/31/2002,0.0000,0.0000,0.0000,0,0,0,111,0,
SLC,5/31/2002,0.0000,0.0000,0.0000,0,0,0,0,0,
SLE,5/31/2002,0.0000,0.0000,0.0000,0,0,0,14,0,
SLM,5/31/2002,0.0000,0.0000,0.0000,0,0,0,95,0,
SLR,5/31/2002,0.0000,0.0000,0.0000,0,0,0,125,0,
SMSC,5/31/2002,0.0000,0.0000,0.0000,0,0,0,7,0,
SMTC,5/31/2002,0.0000,0.0000,0.0000,0,0,0,21,0,
SMTF,5/31/2002,0.0000,0.0000,0.0000,0,0,0,5,0,
SNDK,5/31/2002,0.0000,0.0000,0.0000,0,0,0,107,0,
SNE,5/31/2002,0.0000,0.0000,0.0000,0,0,0,4,0,
SNPS,5/31/2002,0.0000,0.0000,0.0000,0,0,0,0,0,
SO,5/31/2002,0.0000,0.0000,0.0000,0,0,0,0,0,
SOI,5/31/2002,0.0000,0.0000,0.0000,0,0,0,0,0,
SOX,5/31/2002,0.0000,0.0000,0.0000,0,0,0,2,0,
SPC,5/31/2002,0.0000,0.0000,0.0000,0,0,0,0,0,
SPF,5/31/2002,0.0000,0.0000,0.0000,0,0,0,9,0,
SPLS,5/31/2002,0.0000,0.0000,0.0000,0,0,0,96,0,
SPOT,5/31/2002,0.0000,0.0000,0.0000,0,0,0,1063,0,
SPW,5/31/2002,0.0000,0.0000,0.0000,0,0,0,0,0,
SPX,5/31/2002,0.2343,0.2060,0.2202,44075,55641,99716,1160201,1160817,
SRP,5/31/2002,0.0000,0.0000,0.0000,0,0,0,330,0,
SSCC,5/31/2002,0.0000,0.0000,0.0000,0,0,0,16,0,
STGS,5/31/2002,0.0000,0.0000,0.0000,0,0,0,1350,0,
STI,5/31/2002,0.0000,0.0000,0.0000,0,0,0,29,0,
STJ,5/31/2002,0.0000,0.0000,0.0000,0,0,0,37,0,
STK,5/31/2002,0.0000,0.0000,0.0000,0,0,0,20,0,
STLD,5/31/2002,0.0000,0.0000,0.0000,0,0,0,0,0,
STM,5/31/2002,0.0000,0.0000,0.0000,0,0,0,0,0,
STT,5/31/2002,0.0000,0.0000,0.0000,0,0,0,47,0,
STZ,5/31/2002,0.0000,0.0000,0.0000,0,0,0,53,0,
SUN,5/31/2002,0.0000,0.0000,0.0000,0,0,0,501,0,
SUNW,5/31/2002,0.0000,0.0000,0.0000,0,0,0,8,0,
SV,5/31/2002,0.0000,0.0000,0.0000,0,0,0,0,0,
SVM,5/31/2002,0.0000,0.0000,0.0000,0,0,0,0,0,
SVU,5/31/2002,0.0000,0.0000,0.0000,0,0,0,0,0,
SWC,5/31/2002,0.0000,0.0000,0.0000,0,0,0,12,0,
SWFT,5/31/2002,0.0000,0.0000,0.0000,0,0,0,5,0,
SWH,5/31/2002,0.0000,0.0000,0.0000,0,0,0,0,0,
SWK,5/31/2002,0.0000,0.0000,0.0000,0,0,0,1,0,
SWY,5/31/2002,0.0000,0.0000,0.0000,0,0,0,49,0,
SYD,5/31/2002,0.0000,0.0000,0.0000,0,0,0,0,0,
SYK,5/31/2002,0.0000,0.0000,0.0000,0,0,0,2914,0,
SYMC,5/31/2002,0.0000,0.0000,0.0000,0,0,0,142,0,
SYY,5/31/2002,0.0000,0.0000,0.0000,0,0,0,7,0,
T,5/31/2002,0.0000,0.0000,0.0000,0,0,0,0,0,
TAM,5/31/2002,0.0000,0.0000,0.0000,0,0,0,0,0,
TARO,5/31/2002,0.0000,0.0000,0.0000,0,0,0,9,0,
TBH,5/31/2002,0.0000,0.0000,0.0000,0,0,0,0,0,
TBL,5/31/2002,0.0000,0.0000,0.0000,0,0,0,0,0,
TDW,5/31/2002,0.0000,0.0000,0.0000,0,0,0,70,0,
TECD,5/31/2002,0.0000,0.0000,0.0000,0,0,0,0,0,
TECH,5/31/2002,0.0000,0.0000,0.0000,0,0,0,0,0,
TEK,5/31/2002,0.0000,0.0000,0.0000,0,0,0,0,0,
TER,5/31/2002,0.0000,0.0000,0.0000,0,0,0,0,0,
TEVA,5/31/2002,0.0000,0.0000,0.0000,0,0,0,0,0,
TEX,5/31/2002,0.0000,0.0000,0.0000,0,0,0,0,0,
TGT,5/31/2002,0.0000,0.0000,0.0000,0,0,0,491,0,
THC,5/31/2002,0.0000,0.0000,0.0000,0,0,0,1316,0,
THOR,5/31/2002,0.0000,0.0000,0.0000,0,0,0,829,0,
THQI,5/31/2002,0.0000,0.0000,0.0000,0,0,0,8,0,
TIBX,5/31/2002,0.0000,0.0000,0.0000,0,0,0,68,0,
TIF,5/31/2002,0.0000,0.0000,0.0000,0,0,0,84,0,
TIN,5/31/2002,0.0000,0.0000,0.0000,0,0,0,850,0,
TJX,5/31/2002,0.0000,0.0000,0.0000,0,0,0,11,0,
TKLC,5/31/2002,0.0000,0.0000,0.0000,0,0,0,10,0,
TKR,5/31/2002,0.0000,0.0000,0.0000,0,0,0,0,0,
TKTX,5/31/2002,0.0000,0.0000,0.0000,0,0,0,5,0,
TLAB,5/31/2002,0.0000,0.0000,0.0000,0,0,0,0,0,
TLB,5/31/2002,0.0000,0.0000,0.0000,0,0,0,10,0,
TLK,5/31/2002,0.0000,0.0000,0.0000,0,0,0,0,0,
TMCS,5/31/2002,0.0000,0.0000,0.0000,0,0,0,0,0,
TMO,5/31/2002,0.0000,0.0000,0.0000,0,0,0,0,0,
TMPW,5/31/2002,0.0000,0.0000,0.0000,0,0,0,0,0,
TMX,5/31/2002,0.0000,0.0000,0.0000,0,0,0,2,0,
TNE,5/31/2002,0.0000,0.0000,0.0000,0,0,0,0,0,
TOL,5/31/2002,0.0000,0.0000,0.0000,0,0,0,323,0,
TOO,5/31/2002,0.0000,0.0000,0.0000,0,0,0,1,0,
TOT,5/31/2002,0.0000,0.0000,0.0000,0,0,0,0,0,
TOY,5/31/2002,0.0000,0.0000,0.0000,0,0,0,0,0,
TRB,5/31/2002,0.0000,0.0000,0.0000,0,0,0,17,0,
TRDO,5/31/2002,0.0000,0.0000,0.0000,0,0,0,16,0,
TRI,5/31/2002,0.0000,0.0000,0.0000,0,0,0,4,0,
TRLY,5/31/2002,0.0000,0.0000,0.0000,0,0,0,51,0,
TRMS,5/31/2002,0.0000,0.0000,0.0000,0,0,0,5,0,
TRN,5/31/2002,0.0000,0.0000,0.0000,0,0,0,0,0,
TRW,5/31/2002,0.0000,0.0000,0.0000,0,0,0,5000,0,
TSFG,5/31/2002,0.0000,0.0000,0.0000,0,0,0,0,0,
TSG,5/31/2002,0.0000,0.0000,0.0000,0,0,0,25,0,
TSM,5/31/2002,0.0000,0.0000,0.0000,0,0,0,0,0,
TSN,5/31/2002,0.0000,0.0000,0.0000,0,0,0,0,0,
TSO,5/31/2002,0.0000,0.0000,0.0000,0,0,0,0,0,
TTEK,5/31/2002,0.0000,0.0000,0.0000,0,0,0,30,0,
TTI,5/31/2002,0.0000,0.0000,0.0000,0,0,0,0,0,
TTWO,5/31/2002,0.0000,0.0000,0.0000,0,0,0,777,0,
TV,5/31/2002,0.0000,0.0000,0.0000,0,0,0,0,0,
TXN,5/31/2002,0.0000,0.0000,0.0000,0,0,0,475,0,
TXU,5/31/2002,0.0000,0.0000,0.0000,0,0,0,0,0,
TZA,5/31/2002,0.0000,0.0000,0.0000,0,0,0,4,0,
U,5/31/2002,0.0000,0.0000,0.0000,0,0,0,0,0,
UAL,5/31/2002,0.0000,0.0000,0.0000,0,0,0,0,0,
UB,5/31/2002,0.0000,0.0000,0.0000,0,0,0,1,0,
UBB,5/31/2002,0.0000,0.0000,0.0000,0,0,0,0,0,
UCL,5/31/2002,0.0000,0.0000,0.0000,0,0,0,65,0,
UDI,5/31/2002,0.0000,0.0000,0.0000,0,0,0,0,0,
UHS,5/31/2002,0.0000,0.0000,0.0000,0,0,0,2,0,
UIS,5/31/2002,0.0000,0.0000,0.0000,0,0,0,85,0,
ULAB,5/31/2002,0.0000,0.0000,0.0000,0,0,0,0,0,
UMC,5/31/2002,0.0000,0.0000,0.0000,0,0,0,274,0,
UN,5/31/2002,0.0000,0.0000,0.0000,0,0,0,0,0,
UNH,5/31/2002,0.0000,0.0000,0.0000,0,0,0,366,0,
UNP,5/31/2002,0.0000,0.0000,0.0000,0,0,0,13,0,
UPS,5/31/2002,0.0000,0.0000,0.0000,0,0,0,30,0,
URI,5/31/2002,0.0000,0.0000,0.0000,0,0,0,0,0,
USAI,5/31/2002,0.0000,0.0000,0.0000,0,0,0,634,0,
USB,5/31/2002,0.0000,0.0000,0.0000,0,0,0,47,0,
USON,5/31/2002,0.0000,0.0000,0.0000,0,0,0,50,0,
UST,5/31/2002,0.0000,0.0000,0.0000,0,0,0,7,0,
USU,5/31/2002,0.0000,0.0000,0.0000,0,0,0,460,0,
UTHR,5/31/2002,0.0000,0.0000,0.0000,0,0,0,0,0,
UTSI,5/31/2002,0.0000,0.0000,0.0000,0,0,0,1,0,
UTX,5/31/2002,0.0000,0.0000,0.0000,0,0,0,721,0,
UTY,5/31/2002,0.0000,0.0000,0.0000,0,0,0,0,0,
UVN,5/31/2002,0.0000,0.0000,0.0000,0,0,0,0,0,
V,5/31/2002,0.0000,0.0000,0.0000,0,0,0,0,0,
VARI,5/31/2002,0.0000,0.0000,0.0000,0,0,0,0,0,
VC,5/31/2002,0.0000,0.0000,0.0000,0,0,0,9,0,
VFC,5/31/2002,0.0000,0.0000,0.0000,0,0,0,8,0,
VIA,5/31/2002,0.0000,0.0000,0.0000,0,0,0,202,0,
VIP,5/31/2002,0.0000,0.0000,0.0000,0,0,0,15,0,
VLO,5/31/2002,0.0000,0.0000,0.0000,0,0,0,26,0,
VMC,5/31/2002,0.0000,0.0000,0.0000,0,0,0,0,0,
VNT,5/31/2002,0.0000,0.0000,0.0000,0,0,0,15,0,
VOD,5/31/2002,0.0000,0.0000,0.0000,0,0,0,369,0,
VPI,5/31/2002,0.0000,0.0000,0.0000,0,0,0,95,0,
VRC,5/31/2002,0.0000,0.0000,0.0000,0,0,0,0,0,
VRSN,5/31/2002,0.0000,0.0000,0.0000,0,0,0,21,0,
VRTS,5/31/2002,0.0000,0.0000,0.0000,0,0,0,214,0,
VRTX,5/31/2002,0.0000,0.0000,0.0000,0,0,0,0,0,
VRTY,5/31/2002,0.0000,0.0000,0.0000,0,0,0,52,0,
VSEA,5/31/2002,0.0000,0.0000,0.0000,0,0,0,16,0,
VSH,5/31/2002,0.0000,0.0000,0.0000,0,0,0,0,0,
VVI,5/31/2002,0.0000,0.0000,0.0000,0,0,0,0,0,
VVTV,5/31/2002,0.0000,0.0000,0.0000,0,0,0,14,0,
VWPT,5/31/2002,0.0000,0.0000,0.0000,0,0,0,1310,0,
VZ,5/31/2002,0.0000,0.0000,0.0000,0,0,0,158,0,
WAG,5/31/2002,0.0000,0.0000,0.0000,0,0,0,1168,0,
WAT,5/31/2002,0.0000,0.0000,0.0000,0,0,0,15,0,
WB,5/31/2002,0.0000,0.0000,0.0000,0,0,0,9,0,
WDC,5/31/2002,0.0000,0.0000,0.0000,0,0,0,10,0,
WEBX,5/31/2002,0.0000,0.0000,0.0000,0,0,0,200,0,
WEN,5/31/2002,0.0000,0.0000,0.0000,0,0,0,1,0,
WFC,5/31/2002,0.0000,0.0000,0.0000,0,0,0,87,0,
WFMI,5/31/2002,0.0000,0.0000,0.0000,0,0,0,29,0,
WFT,5/31/2002,0.0000,0.0000,0.0000,0,0,0,5,0,
WGO,5/31/2002,0.0000,0.0000,0.0000,0,0,0,10,0,
WGR,5/31/2002,0.0000,0.0000,0.0000,0,0,0,0,0,
WHR,5/31/2002,0.0000,0.0000,0.0000,0,0,0,0,0,
WIN,5/31/2002,0.0000,0.0000,0.0000,0,0,0,200,0,
WLP,5/31/2002,0.0000,0.0000,0.0000,0,0,0,4,0,
WM,5/31/2002,0.0000,0.0000,0.0000,0,0,0,278,0,
WMI,5/31/2002,0.0000,0.0000,0.0000,0,0,0,1443,0,
WMT,5/31/2002,0.0000,0.0000,0.0000,0,0,0,233,0,
WON,5/31/2002,0.0000,0.0000,0.0000,0,0,0,0,0,
WPI,5/31/2002,0.0000,0.0000,0.0000,0,0,0,1,0,
WSM,5/31/2002,0.0000,0.0000,0.0000,0,0,0,0,0,
WY,5/31/2002,0.0000,0.0000,0.0000,0,0,0,10,0,
X,5/31/2002,0.0000,0.0000,0.0000,0,0,0,6,0,
XAU,5/31/2002,0.0000,0.0000,0.0000,0,0,0,0,0,
XL,5/31/2002,0.0000,0.0000,0.0000,0,0,0,80,0,
XLB,5/31/2002,0.0000,0.0000,0.0000,0,0,0,0,0,
XLE,5/31/2002,0.0000,0.0000,0.0000,0,0,0,315,0,
XLF,5/31/2002,0.0000,0.0000,0.0000,0,0,0,3,0,
XLK,5/31/2002,0.0000,0.0000,0.0000,0,0,0,15,0,
XLNX,5/31/2002,0.0000,0.0000,0.0000,0,0,0,300,0,
XMI,5/31/2002,0.0000,0.0000,0.0000,0,0,0,25,0,
XMSR,5/31/2002,0.0000,0.0000,0.0000,0,0,0,2,0,
XOI,5/31/2002,0.0000,0.0000,0.0000,0,0,0,0,0,
XOM,5/31/2002,0.0000,0.0000,0.0000,0,0,0,485,0,
XRAY,5/31/2002,0.0000,0.0000,0.0000,0,0,0,4,0,
XRX,5/31/2002,0.0000,0.0000,0.0000,0,0,0,1407,0,
XTO,5/31/2002,0.0000,0.0000,0.0000,0,0,0,30,0,
YELL,5/31/2002,0.0000,0.0000,0.0000,0,0,0,1,0,
YHOO,5/31/2002,0.0000,0.0000,0.0000,0,0,0,5,0,
YRK,5/31/2002,0.0000,0.0000,0.0000,0,0,0,5,0,
YUM,5/31/2002,0.0000,0.0000,0.0000,0,0,0,37,0,
Z,5/31/2002,0.0000,0.0000,0.0000,0,0,0,283,0,
ZION,5/31/2002,0.0000,0.0000,0.0000,0,0,0,57,0,
ZLC,5/31/2002,0.0000,0.0000,0.0000,0,0,0,1,0,
ZQK,5/31/2002,0.0000,0.0000,0.0000,0,0,0,0,0,
ZRAN,5/31/2002,0.0000,0.0000,0.0000,0,0,0,0,0,
